DF01 HP,"","","","","","","","","","","","","","","","","","","","","","","","","","","","","","","","",""
Payroll Period,07/20/2026 To 08/02/2026,"","","","","","","","","","","","","","","","","","","","","","","","","","","","","","","",""
"","","","","","","","","","","","","","","","","","","","","","","","","","","","","","","","","",""
Name,Clock in date,Clock in time,Clock out date,Clock out time,Break start,Break end,Break length,Break type,Payroll ID,Role,Wage rate,Scheduled hours,Actual hours,Actual vs. scheduled,Total paid hours,Regular hours,Unpaid breaks,OT hours,Double OT,Spread of hours,Split shifts,Estimated wages,Cash tips,Credit tips,PTO,Blue law hours,FFCRA - paid sick,FFCRA - others,FFCRA - child,Holiday pay,No show reason,Employee note,Manager note
Angelica Castellanos,July 23 2026,12:15am,July 23 2026,8:28am,6:09am,6:39am,30 min,30 min - Unpaid,375,01 Overnight Baker,$24.00,7.50,7.72,0.22,7.72,7.72,0.50,0.00,0.00,0.00,0.00,$185.28,$0.00,$0.00,0.00,0.00,0.00,0.00,0.00,0.00,"","",""
Angelica Castellanos,July 24 2026,12:11am,July 24 2026,8:24am,6:09am,6:44am,35 min,30 min - Unpaid,375,01 Overnight Baker,$24.00,7.50,7.64,0.14,7.64,7.64,0.58,0.00,0.00,0.00,0.00,$183.36,$0.00,$0.00,0.00,0.00,0.00,0.00,0.00,0.00,"","",""
Angelica Castellanos,July 26 2026,12:14am,July 26 2026,8:21am,6:07am,6:37am,30 min,30 min - Unpaid,375,02 Overnight Fryer,$24.00,7.50,7.62,0.12,7.62,7.62,0.50,0.00,0.00,0.00,0.00,$182.88,$0.00,$0.00,0.00,0.00,0.00,0.00,0.00,0.00,"","",""
Angelica Castellanos,July 30 2026,12:23am,July 30 2026,8:26am,6:12am,6:45am,33 min,30 min - Unpaid,375,01 Overnight Baker,$24.00,7.50,7.50,0.00,7.50,7.50,0.55,0.00,0.00,0.00,0.00,$180.00,$0.00,$0.00,0.00,0.00,0.00,0.00,0.00,0.00,"","",""
Angelica Castellanos,July 31 2026,12:13am,July 31 2026,8:36am,6:11am,6:41am,30 min,30 min - Unpaid,375,01 Overnight Baker,$24.00,7.50,7.88,0.38,7.88,7.88,0.50,0.00,0.00,0.00,0.00,$189.12,$0.00,$0.00,0.00,0.00,0.00,0.00,0.00,0.00,"","",""
Angelica Castellanos,August 2 2026,12:15am,August 2 2026,9:49am,6:14am,6:47am,33 min,30 min - Unpaid,375,01 Overnight Baker,$24.00,7.50,9.02,1.52,9.02,8.00,0.55,1.02,0.00,0.00,0.00,$228.72,$0.00,$0.00,0.00,0.00,0.00,0.00,0.00,0.00,"","",""
Totals for Angelica Castellanos,"","","","","","","","","","","",45.00,47.38,2.38,47.38,46.36,3.18,1.02,0.00,0.00,0.00,"$1,149.36",$0.00,$0.00,0.00,0.00,0.00,0.00,0.00,0.00,"","",""
-,-,-,-,-,-,-,-,-,-,-,-,-,-,-,-,-,-,-,-,-,-,-,-,-,-,-,-,-,-,-,-,-,-
"","","","","","","","","","","","","","","","","","","","","","","","","","","","","","","","","",""
Name,Clock in date,Clock in time,Clock out date,Clock out time,Break start,Break end,Break length,Break type,Payroll ID,Role,Wage rate,Scheduled hours,Actual hours,Actual vs. scheduled,Total paid hours,Regular hours,Unpaid breaks,OT hours,Double OT,Spread of hours,Split shifts,Estimated wages,Cash tips,Credit tips,PTO,Blue law hours,FFCRA - paid sick,FFCRA - others,FFCRA - child,Holiday pay,No show reason,Employee note,Manager note
Anthony Aguirre,July 23 2026,5:00pm,July 23 2026,10:13pm,"","","","",733,03 Donut Friend,$19.00,5.00,5.22,0.22,5.22,5.22,0.00,0.00,0.00,0.00,0.00,$99.18,$0.00,$0.00,0.00,0.00,0.00,0.00,0.00,0.00,"","",""
Anthony Aguirre,July 24 2026,6:00pm,July 24 2026,11:26pm,"","","","",733,03 Donut Friend,$19.00,5.00,5.43,0.43,5.43,5.43,0.00,0.00,0.00,0.00,0.00,$103.17,$0.00,$0.00,0.00,0.00,0.00,0.00,0.00,0.00,"","",""
Anthony Aguirre,July 27 2026,11:02am,July 27 2026,4:00pm,"","","","",733,03 Donut Friend,$19.00,0.00,4.97,4.97,4.97,4.97,0.00,0.00,0.00,0.00,0.00,$94.43,$0.00,$0.00,0.00,0.00,0.00,0.00,0.00,0.00,"","",""
Anthony Aguirre,July 30 2026,5:00pm,July 30 2026,9:32pm,"","","","",733,03 Donut Friend,$19.00,5.00,4.53,-0.47,4.53,4.53,0.00,0.00,0.00,0.00,0.00,$86.07,$0.00,$0.00,0.00,0.00,0.00,0.00,0.00,0.00,"","",""
Anthony Aguirre,July 31 2026,6:02pm,July 31 2026,10:53pm,"","","","",733,03 Donut Friend,$19.00,5.00,4.85,-0.15,4.85,4.85,0.00,0.00,0.00,0.00,0.00,$92.15,$0.00,$0.00,0.00,0.00,0.00,0.00,0.00,0.00,"","",""
Anthony Aguirre,August 1 2026,10:00am,August 1 2026,3:00pm,"","","","",733,02 Sr. Donut Friend,$19.00,5.00,5.00,0.00,5.00,5.00,0.00,0.00,0.00,0.00,0.00,$95.00,$0.00,$0.00,0.00,0.00,0.00,0.00,0.00,0.00,"","",""
Anthony Aguirre,August 2 2026,3:00pm,August 2 2026,10:04pm,6:14pm,6:45pm,31 min,30 min - Unpaid,733,03 Donut Friend,$19.00,6.50,6.55,0.05,6.55,6.55,0.52,0.00,0.00,0.00,0.00,$124.45,$0.00,$0.00,0.00,0.00,0.00,0.00,0.00,0.00,"","",""
Totals for Anthony Aguirre,"","","","","","","","","","","",31.50,36.55,5.05,36.55,36.55,0.52,0.00,0.00,0.00,0.00,$694.45,$0.00,$0.00,0.00,0.00,0.00,0.00,0.00,0.00,"","",""